<?xml version="1.0" encoding="UTF-8"?>
<project-private xmlns="http://www.netbeans.org/ns/project-private/1">
    <editor-bookmarks xmlns="http://www.netbeans.org/ns/editor-bookmarks/2" lastBookmarkId="0"/>
    <open-files xmlns="http://www.netbeans.org/ns/projectui-open-files/2">
        <group>
            <file>file:/C:/Users/M7sn9/OneDrive/Documents/NetBeansProjects/Restaurant/src/resturant/OrdersReport.java</file>
            <file>file:/C:/Users/M7sn9/OneDrive/Documents/NetBeansProjects/Restaurant/src/resturant/Manger.java</file>
            <file>file:/C:/Users/M7sn9/OneDrive/Documents/NetBeansProjects/Restaurant/src/resturant/Chef.java</file>
            <file>file:/C:/Users/M7sn9/OneDrive/Documents/NetBeansProjects/Restaurant/src/resturant/Item.java</file>
            <file>file:/C:/Users/M7sn9/OneDrive/Documents/NetBeansProjects/Restaurant/src/resturant/PrintPage.java</file>
            <file>file:/C:/Users/M7sn9/OneDrive/Documents/NetBeansProjects/Restaurant/src/resturant/Casher.java</file>
            <file>file:/C:/Users/M7sn9/OneDrive/Documents/NetBeansProjects/Restaurant/src/resturant/Inventory.java</file>
            <file>file:/C:/Users/M7sn9/OneDrive/Documents/NetBeansProjects/Restaurant/src/resturant/Logain.java</file>
            <file>file:/C:/Users/M7sn9/OneDrive/Documents/NetBeansProjects/Restaurant/src/resturant/orderStatus.java</file>
        </group>
    </open-files>
</project-private>
